﻿"Variable / Field Name","Form Name","Section Header","Field Type","Field Label","Choices, Calculations, OR Slider Labels","Field Note","Text Validation Type OR Show Slider Number","Text Validation Min","Text Validation Max",Identifier?,"Branching Logic (Show field only if...)","Required Field?","Custom Alignment","Question Number (surveys only)","Matrix Group Name","Matrix Ranking?","Field Annotation"
age,allgemeiner_fragebogen_d47e96,,text,"Bitte geben Sie Ihr Alter an",,,number,18,40,,,y,,1,,,
gender,allgemeiner_fragebogen_d47e96,,radio,"Bitte geben Sie Ihr Geschlecht an","1, männlich | 2, weiblich | 3, divers",,,,,,,y,,2,,,
edu,allgemeiner_fragebogen_d47e96,,radio,"Bitte geben Sie Ihren höchsten allgemeinen 
Schulabschluss an
","1, Hauptschulabschluss (Volksschulabschluss, 9. Klasse ohne Abschluss oder vergleichbar) | 2, Realschulabschluss (mittlere Reife, 10.-Klasse-Mittelschulabschluss oder vergleichbar) | 3, Hochschulreife (Fachhochschulreife, allgemeine Hochschulreife oder vergleichbar)",,,,,,,y,,3,,,
job,allgemeiner_fragebogen_d47e96,,text,"Bitte geben Sie Ihre derzeitige Tätigkeit an",,,,,,,,y,,4,,,
sight,allgemeiner_fragebogen_d47e96,,radio,"Haben Sie ein normales Sehvermögen?","1, ja | 2, nein, ich trage eine Brille | 3, nein, ich trage Kontaktlinsen",,,,,,,y,,5,,,
diop_left,allgemeiner_fragebogen_d47e96,,text,"Abweichung links (Dioptrien)",,,number,-15,15,,"[sight]='2' or [sight]='3'",y,,5a,,,
diop_right_2,allgemeiner_fragebogen_d47e96,,text,"Abweichung rechts (Dioptrien)",,,number,-15,15,,"[sight]='2' or [sight]='3'",y,,5b,,,
state,allgemeiner_fragebogen_d47e96,,radio,"<b>Bitte lesen Sie die folgenden drei Fragen aufmerksam durch. Sollten Sie eine oder mehrere der Fragen mit ja beantworten, kreuzen Sie bitte links an, sonst kreuzen Sie bitte rechts an. <p>Sie müssen nicht angeben, welche der Fragen Sie mit ja oder nein beantworten</b>
<p> <span style=""font-weight: lighter"">(1) Haben Sie in der letzten Nacht deutlich kürzer als üblich geschlafen, oder liegen sonstige Gründe vor, die Ihre übliche geistige Leistungsfähigkeit beeinflussen? </span><p><span style=""font-weight: lighter"">(2) Haben Sie gestern oder heute im Übermaß Alkohol, Nikotin oder Koffein oder sonstige Substanzen oder Medikamente zu sich genommen, die Ihre geistige Leistungsfähigkeit beeinträchtigen könnten? </span><p><span style=""font-weight: lighter"">(3) Liegen bei Ihnen sonstige Gründe vor, die gegen eine Teilnahme an dieser Studie zur Erfassung des Zusammenhangs zwischen Emotionsregulationsstrategien und Effort sprechen? </span>","1, <b>eine</b> oder <b>mehrere</b> Fragen mit <b>ja</b> beantwortet | 0, <b>alle</b> Fragen mit <b>nein</b> beantwortet",,,,,,,y,LV,6,,,
state_0,allgemeiner_fragebogen_d47e96,,descriptive,"<center><b> <font size=""4"">SIE SIND MIT DIESEM TEIL DER ERHEBUNG FERTIG.</b></center><p> <center><b>BITTE WENDEN SIE SICH AN DIE VERSUCHSLEITUNG.</font></b></center>",,,,,,,[state]='0',,,,,,
state_1,allgemeiner_fragebogen_d47e96,,descriptive,"<center><b><font size=""4"">LEIDER KÖNNEN WIR SIE NICHT IN UNSER EXPERIMENT AUFNEHMEN.</b></center><p> <center><b>BITTE WENDEN SIE SICH AN DIE VERSUCHSLEITUNG.</font></b></center>",,,,,,,[state]='1',,,,,,
