﻿"Variable / Field Name","Form Name","Section Header","Field Type","Field Label","Choices, Calculations, OR Slider Labels","Field Note","Text Validation Type OR Show Slider Number","Text Validation Min","Text Validation Max",Identifier?,"Branching Logic (Show field only if...)","Required Field?","Custom Alignment","Question Number (surveys only)","Matrix Group Name","Matrix Ranking?","Field Annotation"
nachb_01,nachbefragung,<b>Emotionsregulationsaufgabe</b>,radio,"Ist Ihnen beim Ausführen der Aufgabe irgendetwas aufgefallen?","0, Nein | 1, Ja, und zwar:",,,,,,,y,,1,,,
nachb_01_inhalt,nachbefragung,,notes,,,,,,,,"[nachb_01] = '1'",y,,,,,
nachb_02,nachbefragung,,radio,"Haben Sie sich an die zuvor instruierten Strategien gehalten?","1, Ja | 0, Nein, weil:",,,,,,,y,,2,,,
nachb_02_inhalt,nachbefragung,,notes,,,,,,,,"[nachb_02] = '0'",y,,,,,
nachb_03,nachbefragung,,notes,"Wieso haben Sie sich für die von Ihnen gewählte Strategie im letzten Block entschieden?",,,,,,,,y,,3,,,
nachb_04,nachbefragung,,radio,"Wie schwer fanden Sie die Aufgabe? Bitte kreuzen Sie an!","5, sehr schwer | 4,  | 3,  | 2,  | 1, überhaupt nicht schwer",,,,,,,y,,4,nachb_04,,
nachb_05,nachbefragung,,radio,"Wie anstrengend fanden Sie die Aufgabe? Bitte kreuzen Sie an!","5, sehr anstrengend | 4,  | 3,  | 2,  | 1, überhaupt nicht anstrengend",,,,,,,y,,5,nachb_05,,
nachb_06,nachbefragung,<b>Persönlichkeitsfragebögen</b>,radio,"Ist Ihnen bei der Bearbeitung der Persönlichkeitsfragebögen irgendetwas aufgefallen?","0, Nein | 1, Ja, und zwar:",,,,,,,y,,6,,,
nachb_06_inhalt,nachbefragung,,notes,,,,,,,,"[nachb_06] = '1'",y,,,,,
nachb_07,nachbefragung,<b>Allgemein</b>,radio,"Ist Ihnen allgemein noch etwas aufgefallen (Versuchsablauf, Struktur...)?","0, Nein | 1, Ja, und zwar:",,,,,,,y,,7,,,
nachb_07_inhalt,nachbefragung,,notes,,,,,,,,"[nachb_07] = '1'",y,,,,,
nachb_08,nachbefragung,,radio,"Haben Sie bei anderen Versuchsteilnahmen bereits ähnliche Aufgaben bearbeitet?","0, Nein | 1, Ja, und zwar:",,,,,,,y,,8,,,
nachb_08_inhalt,nachbefragung,,notes,,,,,,,,"[nachb_08] = '1'",y,,,,,
nachb_08_haeufig,nachbefragung,,text,"Wie oft?",,Mal,integer,0,100,,"[nachb_08] = '1'",y,,,,,
nachb_08_zurueck,nachbefragung,,text,"Wie lange liegt das letzte Mal zurück?
<span style=""font-weight: lighter; font-style:italic;"">(in Wochen)</span>",,"Bitte mit 1 Nachkommastelle angeben und Punkt anstatt Komma setzen (z.B. 10.0 oder 4.5)",number_1dp,0,100,,"[nachb_08] = '1'",y,,,,,
