﻿"Variable / Field Name","Form Name","Section Header","Field Type","Field Label","Choices, Calculations, OR Slider Labels","Field Note","Text Validation Type OR Show Slider Number","Text Validation Min","Text Validation Max",Identifier?,"Branching Logic (Show field only if...)","Required Field?","Custom Alignment","Question Number (surveys only)","Matrix Group Name","Matrix Ranking?","Field Annotation"
test_color,versuchsleiterfragen,,radio,"War die Farbsehprüfung mittels Farbtafeln erfolgreich?","1, Ja | 0, Nein",,,,,,,y,,,,,
test_color_note,versuchsleiterfragen,,notes,"<span style=""font-weight: lighter"">Notizen zur Farbsehprüfung</span>",,"Angaben optional",,,,,,,,,,,
test_calibr,versuchsleiterfragen,,radio,"War die Probekalibrierung des Eyetrackers erfolgreich?                   ","1, Ja | 0, Nein",,,,,,,y,,,,,
test_calibr_note,versuchsleiterfragen,,notes,"<span style=""font-weight: lighter"">Notizen zur Probekalibrierung des Eyetrackers</span>",,"Angaben optional",,,,,,,,,,,
inclusion,versuchsleiterfragen,,radio,"<div class=""rich-text-field-label""><p><em><span style=""color: #000000; background-color: #99cc00;"">Einschluss ins Experiment</span></em></p></div>","1, Ja | 0, Nein",,,,,,,y,,,,,
inclusion_0,versuchsleiterfragen,,checkbox,"<div class=""rich-text-field-label""><p><span style=""font-weight: normal;"">Grund für Ausschluss:</span></p></div>","1, Zustand des Probanden | 2, Eyetracking-Probleme | 3, EEG-Probleme | 4, anderes:",,,,,,"[inclusion] = '0'",y,,,,,
inclusion_0_4,versuchsleiterfragen,,notes,,,,,,,,"[inclusion_0(4)] = '1'",,,,,,
